Id,Nombre,Descripcion,Lat,Longi,Ultima_Mod
1,Alvaro Casanova II,null,null,null,null
2,calle Las Pircas,null,null,null,null
3,El bosque/Alvaro Casanova I,null,null,null,null
4,El Prado/ Los Presidentes,null,null,null,null
5,frenta al Prado,null,null,null,null
6,frenta condominio al Prado,null,null,null,null
7,hogar temporal,null,null,null,null
8,La Vi√±a Aquitania,null,null,null,null
9,Maquinaria,null,null,null,null
10,puesto 2,null,null,null,null
11,Puesto 20,null,null,null,null
12,puesto 8,null,null,null,null
